"date","demand"
2013-01-01,1516795
2013-01-02,1824345
2013-01-03,1836061
2013-01-04,1818652
2013-01-05,1650757
2013-01-06,1638561
2013-01-07,1886483
2013-01-08,1902453
2013-01-09,1931184
2013-01-10,2021164
2013-01-11,1996457
2013-01-12,1816839
2013-01-13,1827634
2013-01-14,2083713
2013-01-15,2116698
2013-01-16,2176965
2013-01-17,2163463
2013-01-18,2104328
2013-01-19,1930355
2013-01-20,1895415
2013-01-21,2125957
2013-01-22,2159505
2013-01-23,2167244
2013-01-24,2148104
2013-01-25,2121381
2013-01-26,1830272
2013-01-27,1699354
2013-01-28,1984303
2013-01-29,1936455
2013-01-30,1887533
2013-01-31,1901047
2013-02-01,1914476
2013-02-02,1761681
2013-02-03,1729357
2013-02-04,1883732
2013-02-05,1971081
2013-02-06,1985319
2013-02-07,2046863
2013-02-08,1995459
2013-02-09,1830727
2013-02-10,1768159
2013-02-11,2035947
2013-02-12,2095323
2013-02-13,2089359
2013-02-14,1993868
2013-02-15,1939812
2013-02-16,1745895
2013-02-17,1670619
2013-02-18,1924744
2013-02-19,1964157
2013-02-20,1991202
2013-02-21,2043188
2013-02-22,2062214
2013-02-23,1880151
2013-02-24,1830794
2013-02-25,2052152
2013-02-26,2063977
2013-02-27,2031468
2013-02-28,2002783
2013-03-01,1963370
2013-03-02,1774806
2013-03-03,1740462
2013-03-04,1933391
2013-03-05,1929217
2013-03-06,1921570
2013-03-07,1912445
2013-03-08,1891118
2013-03-09,1728254
2013-03-10,1699382
2013-03-11,2028297
2013-03-12,2078685
2013-03-13,2032246
2013-03-14,2017561
2013-03-15,1936148
2013-03-16,1762643
2013-03-17,1719166
2013-03-18,1951835
2013-03-19,1974463
2013-03-20,2005484
2013-03-21,1990517
2013-03-22,1983569
2013-03-23,1843337
2013-03-24,1803155
2013-03-25,2036281
2013-03-26,2079864
2013-03-27,2064726
2013-03-28,2005768
2013-03-29,1801666
2013-03-30,1730657
2013-03-31,1579429
2013-04-01,1683962
2013-04-02,1865693
2013-04-03,1909869
2013-04-04,1938660
2013-04-05,1883284
2013-04-06,1687431
2013-04-07,1628467
2013-04-08,1836070
2013-04-09,1882736
2013-04-10,1873284
2013-04-11,1875969
2013-04-12,1823179
2013-04-13,1617924
2013-04-14,1463717
2013-04-15,1662041
2013-04-16,1654693
2013-04-17,1698841
2013-04-18,1659172
2013-04-19,1699450
2013-04-20,1498144
2013-04-21,1474399
2013-04-22,1678006
2013-04-23,1653467
2013-04-24,1666531
2013-04-25,1683132
2013-04-26,1635916
2013-04-27,1492940
2013-04-28,1445579
2013-04-29,1627810
2013-04-30,1673105
2013-05-01,1656956
2013-05-02,1641215
2013-05-03,1576555
2013-05-04,1380670
2013-05-05,1327147
2013-05-06,1370153
2013-05-07,1559584
2013-05-08,1582716
2013-05-09,1570459
2013-05-10,1561001
2013-05-11,1405063
2013-05-12,1390473
2013-05-13,1548993
2013-05-14,1652943
2013-05-15,1665876
2013-05-16,1650459
2013-05-17,1622247
2013-05-18,1452213
2013-05-19,1379874
2013-05-20,1602533
2013-05-21,1619764
2013-05-22,1600143
2013-05-23,1607010
2013-05-24,1609984
2013-05-25,1396914
2013-05-26,1294940
2013-05-27,1320353
2013-05-28,1582770
2013-05-29,1603644
2013-05-30,1587452
2013-05-31,1511292
2013-06-01,1333323
2013-06-02,1294200
2013-06-03,1518512
2013-06-04,1518508
2013-06-05,1547376
2013-06-06,1534251
2013-06-07,1491139
2013-06-08,1317999
2013-06-09,1291237
2013-06-10,1532668
2013-06-11,1559879
2013-06-12,1558493
2013-06-13,1529391
2013-06-14,1500102
2013-06-15,1300322
2013-06-16,1304320
2013-06-17,1535458
2013-06-18,1564713
2013-06-19,1574420
2013-06-20,1597306
2013-06-21,1543226
2013-06-22,1305635
2013-06-23,1271656
2013-06-24,1517805
2013-06-25,1562767
2013-06-26,1551975
2013-06-27,1559969
2013-06-28,1523772
2013-06-29,1319996
2013-06-30,1252064
2013-07-01,1485488
2013-07-02,1541723
2013-07-03,1550981
2013-07-04,1518924
2013-07-05,1513238
2013-07-06,1335726
2013-07-07,1308286
2013-07-08,1538596
2013-07-09,1555616
2013-07-10,1559073
2013-07-11,1540375
2013-07-12,1534720
2013-07-13,1370981
2013-07-14,1317930
2013-07-15,1546818
2013-07-16,1588478
2013-07-17,1601056
2013-07-18,1601347
2013-07-19,1552564
2013-07-20,1359747
2013-07-21,1297487
2013-07-22,1559847
2013-07-23,1612040
2013-07-24,1574015
2013-07-25,1569865
2013-07-26,1521828
2013-07-27,1359659
2013-07-28,1261531
2013-07-29,1474498
2013-07-30,1504927
2013-07-31,1525272
2013-08-01,1544131
2013-08-02,1488335
2013-08-03,1277485
2013-08-04,1266918
2013-08-05,1504113
2013-08-06,1495208
2013-08-07,1498904
2013-08-08,1499031
2013-08-09,1462003
2013-08-10,1314012
2013-08-11,1246449
2013-08-12,1458589
2013-08-13,1506374
2013-08-14,1535503
2013-08-15,1538862
2013-08-16,1513908
2013-08-17,1312801
2013-08-18,1262404
2013-08-19,1495727
2013-08-20,1542265
2013-08-21,1546771
2013-08-22,1580270
2013-08-23,1547994
2013-08-24,1374950
2013-08-25,1290729
2013-08-26,1343185
2013-08-27,1530394
2013-08-28,1559155
2013-08-29,1551017
2013-08-30,1512611
2013-08-31,1314085
2013-09-01,1260641
2013-09-02,1497354
2013-09-03,1594204
2013-09-04,1591046
2013-09-05,1603194
2013-09-06,1572644
2013-09-07,1357661
2013-09-08,1343931
2013-09-09,1586565
2013-09-10,1573091
2013-09-11,1639217
2013-09-12,1630802
2013-09-13,1618786
2013-09-14,1428684
2013-09-15,1364603
2013-09-16,1551766
2013-09-17,1663574
2013-09-18,1628271
2013-09-19,1654716
2013-09-20,1614696
2013-09-21,1442898
2013-09-22,1398766
2013-09-23,1632956
2013-09-24,1658217
2013-09-25,1660027
2013-09-26,1636804
2013-09-27,1588216
2013-09-28,1406773
2013-09-29,1337468
2013-09-30,1577758
2013-10-01,1606363
2013-10-02,1650630
2013-10-03,1651259
2013-10-04,1616004
2013-10-05,1436334
2013-10-06,1366889
2013-10-07,1602484
2013-10-08,1618411
2013-10-09,1606120
2013-10-10,1622266
2013-10-11,1638759
2013-10-12,1477617
2013-10-13,1474661
2013-10-14,1714242
2013-10-15,1736460
2013-10-16,1733890
2013-10-17,1704842
2013-10-18,1681271
2013-10-19,1488200
2013-10-20,1429597
2013-10-21,1665954
2013-10-22,1671576
2013-10-23,1638577
2013-10-24,1699711
2013-10-25,1625733
2013-10-26,1448215
2013-10-27,1444383
2013-10-28,1637540
2013-10-29,1694026
2013-10-30,1721205
2013-10-31,1708097
2013-11-01,1713725
2013-11-02,1536426
2013-11-03,1491686
2013-11-04,1776077
2013-11-05,1827331
2013-11-06,1832612
2013-11-07,1780530
2013-11-08,1814961
2013-11-09,1674758
2013-11-10,1621634
2013-11-11,1830246
2013-11-12,1819967
2013-11-13,1842065
2013-11-14,1813323
2013-11-15,1861096
2013-11-16,1674348
2013-11-17,1652633
2013-11-18,1866671
2013-11-19,1913503
2013-11-20,1928854
2013-11-21,1928414
2013-11-22,1935169
2013-11-23,1773646
2013-11-24,1731705
2013-11-25,1964174
2013-11-26,1987780
2013-11-27,1944558
2013-11-28,1946014
2013-11-29,1837334
2013-11-30,1712685
2013-12-01,1711710
2013-12-02,1935979
2013-12-03,1961734
2013-12-04,1943265
2013-12-05,1940994
2013-12-06,1962478
2013-12-07,1747315
2013-12-08,1631411
2013-12-09,1873431
2013-12-10,1933847
2013-12-11,1964363
2013-12-12,1940648
2013-12-13,1860472
2013-12-14,1672859
2013-12-15,1623910
2013-12-16,1853604
2013-12-17,1924346
2013-12-18,1881239
2013-12-19,1900990
2013-12-20,1840918
2013-12-21,1626581
2013-12-22,1593788
2013-12-23,1775904
2013-12-24,1625798
2013-12-25,1487583
2013-12-26,1501205
2013-12-27,1591473
2013-12-28,1596906
2013-12-29,1585020
2013-12-30,1656196
2013-12-31,1634397
2014-01-01,1514419
2014-01-02,1722972
2014-01-03,1756703
2014-01-04,1709434
2014-01-05,1678218
2014-01-06,1823173
2014-01-07,1846811
2014-01-08,1884053
2014-01-09,1888972
2014-01-10,1899885
2014-01-11,1716992
2014-01-12,1722948
2014-01-13,1911144
2014-01-14,1967054
2014-01-15,1919224
2014-01-16,1914370
2014-01-17,1892225
2014-01-18,1703362
2014-01-19,1664590
2014-01-20,1945301
2014-01-21,1954076
2014-01-22,1929029
2014-01-23,1932864
2014-01-24,1939557
2014-01-25,1682947
2014-01-26,1684769
2014-01-27,1910078
2014-01-28,1925681
2014-01-29,1950204
2014-01-30,2003267
2014-01-31,1944245
2014-02-01,1686721
2014-02-02,1619901
2014-02-03,1864727
2014-02-04,1896717
2014-02-05,1893339
2014-02-06,1929243
2014-02-07,1871173
2014-02-08,1641063
2014-02-09,1619583
2014-02-10,1917173
2014-02-11,1919814
2014-02-12,1956837
2014-02-13,1902554
2014-02-14,1939493
2014-02-15,1674921
2014-02-16,1637248
2014-02-17,1902158
2014-02-18,1892415
2014-02-19,1877664
2014-02-20,1788330
2014-02-21,1771439
2014-02-22,1588897
2014-02-23,1537575
2014-02-24,1778041
2014-02-25,1794090
2014-02-26,1813276
2014-02-27,1823293
2014-02-28,1872777
2014-03-01,1678167
2014-03-02,1607046
2014-03-03,1858442
2014-03-04,1867582
2014-03-05,1852430
2014-03-06,1812680
2014-03-07,1736045
2014-03-08,1533233
2014-03-09,1485835
2014-03-10,1738860
2014-03-11,1798288
2014-03-12,1804326
2014-03-13,1797186
2014-03-14,1728961
2014-03-15,1489672
2014-03-16,1423318
2014-03-17,1680748
2014-03-18,1690836
2014-03-19,1672048
2014-03-20,1691095
2014-03-21,1670096
2014-03-22,1544730
2014-03-23,1528229
2014-03-24,1743946
2014-03-25,1816471
2014-03-26,1833144
2014-03-27,1817158
2014-03-28,1774309
2014-03-29,1515362
2014-03-30,1395923
2014-03-31,1699191
2014-04-01,1686659
2014-04-02,1684836
2014-04-03,1710667
2014-04-04,1686634
2014-04-05,1483347
2014-04-06,1395708
2014-04-07,1668597
2014-04-08,1613998
2014-04-09,1637064
2014-04-10,1643436
2014-04-11,1597965
2014-04-12,1411433
2014-04-13,1335868
2014-04-14,1553182
2014-04-15,1590662
2014-04-16,1562368
2014-04-17,1552185
2014-04-18,1412697
2014-04-19,1364252
2014-04-20,1336370
2014-04-21,1351965
2014-04-22,1596311
2014-04-23,1610102
2014-04-24,1609278
2014-04-25,1640555
2014-04-26,1394181
2014-04-27,1397467
2014-04-28,1619354
2014-04-29,1627507
2014-04-30,1613099
2014-05-01,1644349
2014-05-02,1611593
2014-05-03,1412394
2014-05-04,1324447
2014-05-05,1351514
2014-05-06,1523940
2014-05-07,1535622
2014-05-08,1621084
2014-05-09,1500122
2014-05-10,1361655
2014-05-11,1323924
2014-05-12,1567623
2014-05-13,1589059
2014-05-14,1554756
2014-05-15,1548001
2014-05-16,1495917
2014-05-17,1312588
2014-05-18,1242170
2014-05-19,1495652
2014-05-20,1541904
2014-05-21,1517799
2014-05-22,1551111
2014-05-23,1502324
2014-05-24,1363821
2014-05-25,1274620
2014-05-26,1344454
2014-05-27,1527147
2014-05-28,1557550
2014-05-29,1546140
2014-05-30,1522169
2014-05-31,1343930
2014-06-01,1274214
2014-06-02,1511561
2014-06-03,1544612
2014-06-04,1557807
2014-06-05,1498786
2014-06-06,1460353
2014-06-07,1319270
2014-06-08,1246936
2014-06-09,1506114
2014-06-10,1487476
2014-06-11,1495794
2014-06-12,1512471
2014-06-13,1499097
2014-06-14,1330774
2014-06-15,1280117
2014-06-16,1482811
2014-06-17,1489826
2014-06-18,1518272
2014-06-19,1499697
2014-06-20,1459595
2014-06-21,1279691
2014-06-22,1255350
2014-06-23,1491297
2014-06-24,1522317
2014-06-25,1494650
2014-06-26,1499551
2014-06-27,1487992
2014-06-28,1325552
2014-06-29,1244943
2014-06-30,1479248
2014-07-01,1498851
2014-07-02,1465984
2014-07-03,1475748
2014-07-04,1450295
2014-07-05,1313297
2014-07-06,1265593
2014-07-07,1483108
2014-07-08,1521561
2014-07-09,1446098
2014-07-10,1491437
2014-07-11,1491874
2014-07-12,1322167
2014-07-13,1252147
2014-07-14,1445156
2014-07-15,1499367
2014-07-16,1508132
2014-07-17,1532809
2014-07-18,1471972
2014-07-19,1375438
2014-07-20,1302149
2014-07-21,1506605
2014-07-22,1530313
2014-07-23,1512817
2014-07-24,1519145
2014-07-25,1499535
2014-07-26,1334155
2014-07-27,1257794
2014-07-28,1467809
2014-07-29,1455268
2014-07-30,1442095
2014-07-31,1477314
2014-08-01,1469095
2014-08-02,1290799
2014-08-03,1191719
2014-08-04,1416009
2014-08-05,1465340
2014-08-06,1473115
2014-08-07,1466007
2014-08-08,1467479
2014-08-09,1250176
2014-08-10,1237842
2014-08-11,1343886
2014-08-12,1395683
2014-08-13,1430035
2014-08-14,1498002
2014-08-15,1460731
2014-08-16,1241732
2014-08-17,1164874
2014-08-18,1428960
2014-08-19,1474786
2014-08-20,1495637
2014-08-21,1483276
2014-08-22,1457397
2014-08-23,1285978
2014-08-24,1251781
2014-08-25,1330940
2014-08-26,1479102
2014-08-27,1492184
2014-08-28,1485040
2014-08-29,1437550
2014-08-30,1288757
2014-08-31,1263437
2014-09-01,1533024
2014-09-02,1546669
2014-09-03,1563944
2014-09-04,1568293
2014-09-05,1540497
2014-09-06,1372335
2014-09-07,1287616
2014-09-08,1506892
2014-09-09,1543527
2014-09-10,1543584
2014-09-11,1552467
2014-09-12,1523061
2014-09-13,1356435
2014-09-14,1300377
2014-09-15,1540311
2014-09-16,1559503
2014-09-17,1568728
2014-09-18,1573892
2014-09-19,1580781
2014-09-20,1399174
2014-09-21,1307604
2014-09-22,1527565
2014-09-23,1565137
2014-09-24,1542891
2014-09-25,1546709
2014-09-26,1504621
2014-09-27,1375329
2014-09-28,1345213
2014-09-29,1580156
2014-09-30,1556828
2014-10-01,1571480
2014-10-02,1567552
2014-10-03,1497283
2014-10-04,1381772
2014-10-05,1332809
2014-10-06,1582959
2014-10-07,1623150
2014-10-08,1640234
2014-10-09,1609755
2014-10-10,1594302
2014-10-11,1460091
2014-10-12,1437183
2014-10-13,1628745
2014-10-14,1680646
2014-10-15,1688026
2014-10-16,1658365
2014-10-17,1594021
2014-10-18,1366708
2014-10-19,1293464
2014-10-20,1579430
2014-10-21,1562534
2014-10-22,1675398
2014-10-23,1658304
2014-10-24,1639243
2014-10-25,1413619
2014-10-26,1409022
2014-10-27,1575023
2014-10-28,1603203
2014-10-29,1694206
2014-10-30,1661352
2014-10-31,1543715
2014-11-01,1363262
2014-11-02,1381968
2014-11-03,1682054
2014-11-04,1765570
2014-11-05,1768849
2014-11-06,1763641
2014-11-07,1694884
2014-11-08,1555725
2014-11-09,1556868
2014-11-10,1771703
2014-11-11,1732569
2014-11-12,1720397
2014-11-13,1726830
2014-11-14,1715152
2014-11-15,1613286
2014-11-16,1578214
2014-11-17,1778661
2014-11-18,1799678
2014-11-19,1821342
2014-11-20,1848912
2014-11-21,1803150
2014-11-22,1628298
2014-11-23,1621614
2014-11-24,1873335
2014-11-25,1942493
2014-11-26,1931983
2014-11-27,1894158
2014-11-28,1806658
2014-11-29,1629322
2014-11-30,1590901
2014-12-01,1868309
2014-12-02,1862587
2014-12-03,1925444
2014-12-04,1985488
2014-12-05,1907664
2014-12-06,1735301
2014-12-07,1623905
2014-12-08,1913119
2014-12-09,1957117
2014-12-10,1863356
2014-12-11,1891915
2014-12-12,1908536
2014-12-13,1769617
2014-12-14,1653630
2014-12-15,1906162
2014-12-16,1922206
2014-12-17,1840491
2014-12-18,1775891
2014-12-19,1731673
2014-12-20,1614642
2014-12-21,1551202
2014-12-22,1686493
2014-12-23,1674679
2014-12-24,1555912
2014-12-25,1453274
2014-12-26,1518733
2014-12-27,1599471
2014-12-28,1622479
2014-12-29,1771486
2014-12-30,1759098
2014-12-31,1657121
2015-01-01,1442497
2015-01-02,1564952
2015-01-03,1653984
2015-01-04,1684648
2015-01-05,1884492
2015-01-06,1866443
2015-01-07,1874308
2015-01-08,1848398
2015-01-09,1779718
2015-01-10,1587671
2015-01-11,1594502
2015-01-12,1820246
2015-01-13,1869934
2015-01-14,1898386
2015-01-15,1846049
2015-01-16,1901125
2015-01-17,1783148
2015-01-18,1750644
2015-01-19,2011761
2015-01-20,2050129
2015-01-21,2059287
2015-01-22,2044431
2015-01-23,1974853
2015-01-24,1726507
2015-01-25,1691978
2015-01-26,1874228
2015-01-27,1927915
2015-01-28,1864864
2015-01-29,1953951
2015-01-30,1935617
2015-01-31,1735985
2015-02-01,1701452
2015-02-02,2030495
2015-02-03,2034935
2015-02-04,2010252
2015-02-05,2034146
2015-02-06,1977960
2015-02-07,1815117
2015-02-08,1701189
2015-02-09,1913228
2015-02-10,1990376
2015-02-11,2003293
2015-02-12,1987587
2015-02-13,1893495
2015-02-14,1717330
2015-02-15,1632378
2015-02-16,1877342
2015-02-17,1843018
2015-02-18,1807013
2015-02-19,1850938
2015-02-20,1860489
2015-02-21,1668613
2015-02-22,1670049
2015-02-23,1816209
2015-02-24,1834478
2015-02-25,1890369
2015-02-26,1812310
2015-02-27,1787569
2015-02-28,1590445
2015-03-01,1501992
2015-03-02,1787758
2015-03-03,1815605
2015-03-04,1817320
2015-03-05,1831254
2015-03-06,1693394
2015-03-07,1466367
2015-03-08,1507279
2015-03-09,1786092
2015-03-10,1757819
2015-03-11,1772012
2015-03-12,1740546
2015-03-13,1775984
2015-03-14,1627035
2015-03-15,1605879
2015-03-16,1872723
2015-03-17,1855600
2015-03-18,1820792
2015-03-19,1838122
2015-03-20,1732521
2015-03-21,1550006
2015-03-22,1514772
2015-03-23,1741408
2015-03-24,1773116
2015-03-25,1772933
2015-03-26,1706863
2015-03-27,1702472
2015-03-28,1473590
2015-03-29,1394722
2015-03-30,1640422
2015-03-31,1612025
2015-04-01,1663603
2015-04-02,1692412
2015-04-03,1560389
2015-04-04,1471366
2015-04-05,1386285
2015-04-06,1383953
2015-04-07,1543790
2015-04-08,1560888
2015-04-09,1543145
2015-04-10,1488600
2015-04-11,1278783
2015-04-12,1313442
2015-04-13,1578176
2015-04-14,1510749
2015-04-15,1528970
2015-04-16,1567694
2015-04-17,1527948
2015-04-18,1317245
2015-04-19,1361195
2015-04-20,1542355
2015-04-21,1520210
2015-04-22,1526471
2015-04-23,1535964
2015-04-24,1508334
2015-04-25,1329918
2015-04-26,1334067
2015-04-27,1532574
2015-04-28,1508744
2015-04-29,1538693
2015-04-30,1548778
2015-05-01,1545461
2015-05-02,1386518
2015-05-03,1292508
2015-05-04,1305173
2015-05-05,1475403
2015-05-06,1509647
2015-05-07,1546002
2015-05-08,1565727
2015-05-09,1327592
2015-05-10,1273476
2015-05-11,1409685
2015-05-12,1420681
2015-05-13,1485679
2015-05-14,1574462
2015-05-15,1481699
2015-05-16,1225444
2015-05-17,1233210
2015-05-18,1489586
2015-05-19,1497220
2015-05-20,1505969
2015-05-21,1465567
2015-05-22,1465746
2015-05-23,1286849
2015-05-24,1217795
2015-05-25,1281656
2015-05-26,1411398
2015-05-27,1424531
2015-05-28,1374413
2015-05-29,1438058
2015-05-30,1256600
2015-05-31,1227477
2015-06-01,1423367
2015-06-02,1434256
2015-06-03,1444402
2015-06-04,1444100
2015-06-05,1416760
2015-06-06,1152582
2015-06-07,1150024
2015-06-08,1420507
2015-06-09,1452757
2015-06-10,1437814
2015-06-11,1419295
2015-06-12,1455282
2015-06-13,1329008
2015-06-14,1260948
2015-06-15,1426112
2015-06-16,1433841
2015-06-17,1439595
2015-06-18,1395689
2015-06-19,1401042
2015-06-20,1302868
2015-06-21,1173592
2015-06-22,1416585
2015-06-23,1449970
2015-06-24,1447759
2015-06-25,1462285
2015-06-26,1445183
2015-06-27,1224869
2015-06-28,1204842
2015-06-29,1419158
2015-06-30,1440169
2015-07-01,1507968
2015-07-02,1517215
2015-07-03,1400292
2015-07-04,1226148
2015-07-05,1224289
2015-07-06,1406144
2015-07-07,1384086
2015-07-08,1419863
2015-07-09,1402695
2015-07-10,1386333
2015-07-11,1209086
2015-07-12,1202640
2015-07-13,1481372
2015-07-14,1499667
2015-07-15,1458976
2015-07-16,1439072
2015-07-17,1349576
2015-07-18,1161024
2015-07-19,1161887
2015-07-20,1427219
2015-07-21,1389150
2015-07-22,1444312
2015-07-23,1409419
2015-07-24,1466309
2015-07-25,1199991
2015-07-26,1232910
2015-07-27,1385543
2015-07-28,1394790
2015-07-29,1393083
2015-07-30,1386668
2015-07-31,1337739
2015-08-01,1192751
2015-08-02,1158094
2015-08-03,1333488
2015-08-04,1318977
2015-08-05,1395766
2015-08-06,1384608
2015-08-07,1382516
2015-08-08,1199459
2015-08-09,1178480
2015-08-10,1406039
2015-08-11,1444268
2015-08-12,1435676
2015-08-13,1483051
2015-08-14,1488320
2015-08-15,1228840
2015-08-16,1229440
2015-08-17,1413720
2015-08-18,1455427
2015-08-19,1461957
2015-08-20,1474162
2015-08-21,1423176
2015-08-22,1288454
2015-08-23,1209140
2015-08-24,1477276
2015-08-25,1448545
2015-08-26,1426479
2015-08-27,1403274
2015-08-28,1360901
2015-08-29,1233418
2015-08-30,1243921
2015-08-31,1321808
2015-09-01,1444596
2015-09-02,1466454
2015-09-03,1482540
2015-09-04,1453716
2015-09-05,1284097
2015-09-06,1228962
2015-09-07,1474203
2015-09-08,1531012
2015-09-09,1509229
2015-09-10,1439856
2015-09-11,1411649
2015-09-12,1263621
2015-09-13,1278050
2015-09-14,1508280
2015-09-15,1535028
2015-09-16,1564534
2015-09-17,1525994
2015-09-18,1517126
2015-09-19,1326833
2015-09-20,1306588
2015-09-21,1532114
2015-09-22,1541350
2015-09-23,1514547
2015-09-24,1461788
2015-09-25,1467545
2015-09-26,1337479
2015-09-27,1293329
2015-09-28,1485376
2015-09-29,1509555
2015-09-30,1501097
2015-10-01,1527034
2015-10-02,1504658
2015-10-03,1400769
2015-10-04,1342532
2015-10-05,1552139
2015-10-06,1592442
2015-10-07,1581191
2015-10-08,1594488
2015-10-09,1564701
2015-10-10,1420249
2015-10-11,1357886
2015-10-12,1575149
2015-10-13,1637181
2015-10-14,1638538
2015-10-15,1681225
2015-10-16,1655121
2015-10-17,1475308
2015-10-18,1459842
2015-10-19,1670728
2015-10-20,1641616
2015-10-21,1637488
2015-10-22,1580028
2015-10-23,1629229
2015-10-24,1441837
2015-10-25,1485374
2015-10-26,1627816
2015-10-27,1674857
2015-10-28,1679041
2015-10-29,1656713
2015-10-30,1639101
2015-10-31,1448011
2015-11-01,1460087
2015-11-02,1705601
2015-11-03,1753440
2015-11-04,1741335
2015-11-05,1712038
2015-11-06,1642248
2015-11-07,1461922
2015-11-08,1421717
2015-11-09,1597123
2015-11-10,1602862
2015-11-11,1620076
2015-11-12,1606439
2015-11-13,1584376
2015-11-14,1523058
2015-11-15,1406864
2015-11-16,1606681
2015-11-17,1693853
2015-11-18,1641710
2015-11-19,1697116
2015-11-20,1696586
2015-11-21,1592336
2015-11-22,1656392
2015-11-23,1856223
2015-11-24,1818429
2015-11-25,1796031
2015-11-26,1805281
2015-11-27,1688309
2015-11-28,1560413
2015-11-29,1521527
2015-11-30,1803055
2015-12-01,1767096
2015-12-02,1724271
2015-12-03,1766660
2015-12-04,1670694
2015-12-05,1524741
2015-12-06,1514648
2015-12-07,1705864
2015-12-08,1688366
2015-12-09,1729866
2015-12-10,1758748
2015-12-11,1747643
2015-12-12,1654725
2015-12-13,1664156
2015-12-14,1839852
2015-12-15,1811547
2015-12-16,1721391
2015-12-17,1676621
2015-12-18,1640685
2015-12-19,1436057
2015-12-20,1394681
2015-12-21,1641735
2015-12-22,1602999
2015-12-23,1541199
2015-12-24,1451864
2015-12-25,1352551
2015-12-26,1248036
2015-12-27,1371959
2015-12-28,1355858
2015-12-29,1405989
2015-12-30,1467863
2015-12-31,1451906
2016-01-01,1409280
2016-01-02,1443410
2016-01-03,1480766
2016-01-04,1732697
2016-01-05,1780970
2016-01-06,1794515
2016-01-07,1738208
2016-01-08,1807356
2016-01-09,1617150
2016-01-10,1555424
2016-01-11,1855789
2016-01-12,1837395
2016-01-13,1885572
2016-01-14,1879008
2016-01-15,1873298
2016-01-16,1786940
2016-01-17,1751028
2016-01-18,1956345
2016-01-19,1984551
2016-01-20,1978255
2016-01-21,1935659
2016-01-22,1792970
2016-01-23,1600333
2016-01-24,1518704
2016-01-25,1672560
2016-01-26,1723766
2016-01-27,1725535
2016-01-28,1722321
2016-01-29,1674051
2016-01-30,1512407
2016-01-31,1575236
2016-02-01,1660790
2016-02-02,1694545
2016-02-03,1792773
2016-02-04,1773427
2016-02-05,1684655
2016-02-06,1565167
2016-02-07,1465465
2016-02-08,1742507
2016-02-09,1772464
2016-02-10,1799936
2016-02-11,1834280
2016-02-12,1836365
2016-02-13,1666761
2016-02-14,1576983
2016-02-15,1828337
2016-02-16,1804293
2016-02-17,1883099
2016-02-18,1826458
2016-02-19,1743508
2016-02-20,1523304
2016-02-21,1448659
2016-02-22,1717804
2016-02-23,1779035
2016-02-24,1836763
2016-02-25,1862846
2016-02-26,1846109
2016-02-27,1657113
2016-02-28,1606649
2016-02-29,1799946
2016-03-01,1727983
2016-03-02,1769024
2016-03-03,1792369
2016-03-04,1752146
2016-03-05,1610549
2016-03-06,1609271
2016-03-07,1806621
2016-03-08,1872656
2016-03-09,1845147
2016-03-10,1843409
2016-03-11,1752036
2016-03-12,1554087
2016-03-13,1479451
2016-03-14,1664372
2016-03-15,1758441
2016-03-16,1720007
2016-03-17,1713027
2016-03-18,1784359
2016-03-19,1596018
2016-03-20,1525807
2016-03-21,1695382
2016-03-22,1719379
2016-03-23,1743012
2016-03-24,1671167
2016-03-25,1356432
2016-03-26,1348724
2016-03-27,1203729
2016-03-28,1363940
2016-03-29,1601764
2016-03-30,1619107
2016-03-31,1603404
2016-04-01,1546680
2016-04-02,1401409
2016-04-03,1374009
2016-04-04,1596611
2016-04-05,1538725
2016-04-06,1498971
2016-04-07,1591871
2016-04-08,1584716
2016-04-09,1420273
2016-04-10,1335647
2016-04-11,1548574
2016-04-12,1589938
2016-04-13,1556702
2016-04-14,1579942
2016-04-15,1621200
2016-04-16,1413243
2016-04-17,1338297
2016-04-18,1542121
2016-04-19,1541638
2016-04-20,1494263
2016-04-21,1516197
2016-04-22,1561263
2016-04-23,1351726
2016-04-24,1345651
2016-04-25,1545058
2016-04-26,1539686
2016-04-27,1612932
2016-04-28,1610359
2016-04-29,1505422
2016-04-30,1369076
2016-05-01,1272689
2016-05-02,1290885
2016-05-03,1454386
2016-05-04,1430983
2016-05-05,1415740
2016-05-06,1427608
2016-05-07,1228818
2016-05-08,1149321
2016-05-09,1367948
2016-05-10,1472727
2016-05-11,1464658
2016-05-12,1352229
2016-05-13,1344305
2016-05-14,1210609
2016-05-15,1196740
2016-05-16,1396791
2016-05-17,1414107
2016-05-18,1455969
2016-05-19,1432404
2016-05-20,1359416
2016-05-21,1225833
2016-05-22,1211258
2016-05-23,1382733
2016-05-24,1365662
2016-05-25,1469743
2016-05-26,1450412
2016-05-27,1395292
2016-05-28,1204089
2016-05-29,1119746
2016-05-30,1172301
2016-05-31,1343339
2016-06-01,1406625
2016-06-02,1365748
2016-06-03,1398692
2016-06-04,1252831
2016-06-05,1159571
2016-06-06,1368891
2016-06-07,1426608
2016-06-08,1425805
2016-06-09,1406545
2016-06-10,1431484
2016-06-11,1272766
2016-06-12,1239717
2016-06-13,1448532
2016-06-14,1435122
2016-06-15,1433515
2016-06-16,1427831
2016-06-17,1402133
2016-06-18,1240274
2016-06-19,1183827
2016-06-20,1375560
2016-06-21,1388587
2016-06-22,1427668
2016-06-23,1454199
2016-06-24,1354109
2016-06-25,1212899
2016-06-26,1180868
2016-06-27,1312257
2016-06-28,1429610
2016-06-29,1424637
2016-06-30,1388808
2016-07-01,1306598
2016-07-02,1106231
2016-07-03,1124094
2016-07-04,1383976
2016-07-05,1347507
2016-07-06,1370177
2016-07-07,1379936
2016-07-08,1310424
2016-07-09,1190152
2016-07-10,1121475
2016-07-11,1321669
2016-07-12,1406180
2016-07-13,1367053
2016-07-14,1357953
2016-07-15,1355050
2016-07-16,1173489
2016-07-17,1139764
2016-07-18,1370408
2016-07-19,1413009
2016-07-20,1427643
2016-07-21,1411709
2016-07-22,1387051
2016-07-23,1211094
2016-07-24,1194723
2016-07-25,1313383
2016-07-26,1368581
2016-07-27,1343657
2016-07-28,1382203
2016-07-29,1351237
2016-07-30,1172559
2016-07-31,1106504
2016-08-01,1364577
2016-08-02,1399267
2016-08-03,1265977
2016-08-04,1289752
2016-08-05,1308774
2016-08-06,1128137
2016-08-07,1002314
2016-08-08,1221436
2016-08-09,1306484
2016-08-10,1358429
2016-08-11,1319668
2016-08-12,1239337
2016-08-13,1146812
2016-08-14,1188442
2016-08-15,1319260
2016-08-16,1333894
2016-08-17,1354097
2016-08-18,1391112
2016-08-19,1371111
2016-08-20,1118869
2016-08-21,1111177
2016-08-22,1355431
2016-08-23,1389886
2016-08-24,1424526
2016-08-25,1485958
2016-08-26,1316431
2016-08-27,1230301
2016-08-28,1183965
2016-08-29,1167815
2016-08-30,1317153
2016-08-31,1357998
2016-09-01,1351541
2016-09-02,1376008
2016-09-03,1237005
2016-09-04,1188074
2016-09-05,1428898
2016-09-06,1472444
2016-09-07,1480391
2016-09-08,1354898
2016-09-09,1324990
2016-09-10,1261699
2016-09-11,1109800
2016-09-12,1361844
2016-09-13,1477470
2016-09-14,1441952
2016-09-15,1480703
2016-09-16,1384159
2016-09-17,1237735
2016-09-18,1222040
2016-09-19,1470987
2016-09-20,1490826
2016-09-21,1463061
2016-09-22,1424273
2016-09-23,1340045
2016-09-24,1151130
2016-09-25,1141910
2016-09-26,1458222
2016-09-27,1418933
2016-09-28,1381768
2016-09-29,1335349
2016-09-30,1394549
2016-10-01,1333291
2016-10-02,1247488
2016-10-03,1429255
2016-10-04,1430712
2016-10-05,1387285
2016-10-06,1481942
2016-10-07,1551739
2016-10-08,1381662
2016-10-09,1320693
2016-10-10,1527197
2016-10-11,1546534
2016-10-12,1542575
2016-10-13,1547012
2016-10-14,1535604
2016-10-15,1388124
2016-10-16,1305971
2016-10-17,1484383
2016-10-18,1521768
2016-10-19,1573034
2016-10-20,1604272
2016-10-21,1586364
2016-10-22,1409726
2016-10-23,1344489
2016-10-24,1626182
2016-10-25,1639690
2016-10-26,1570318
2016-10-27,1539182
2016-10-28,1561100
2016-10-29,1448324
2016-10-30,1464964
2016-10-31,1578276
2016-11-01,1652604
2016-11-02,1656174
2016-11-03,1711987
2016-11-04,1684679
2016-11-05,1445498
2016-11-06,1463542
2016-11-07,1725356
2016-11-08,1852022
2016-11-09,1822751
2016-11-10,1751628
2016-11-11,1716796
2016-11-12,1569081
2016-11-13,1519094
2016-11-14,1691677
2016-11-15,1679866
2016-11-16,1605526
2016-11-17,1692006
2016-11-18,1752665
2016-11-19,1639017
2016-11-20,1614794
2016-11-21,1801310
2016-11-22,1797244
2016-11-23,1836959
2016-11-24,1794267
2016-11-25,1762083
2016-11-26,1662404
2016-11-27,1603268
2016-11-28,1806974
2016-11-29,1889384
2016-11-30,1891821
2016-12-01,1883188
2016-12-02,1894796
2016-12-03,1686852
2016-12-04,1620962
2016-12-05,1933969
2016-12-06,1909118
2016-12-07,1711696
2016-12-08,1752981
2016-12-09,1668609
2016-12-10,1563854
2016-12-11,1531601
2016-12-12,1844795
2016-12-13,1816326
2016-12-14,1724465
2016-12-15,1778064
2016-12-16,1764561
2016-12-17,1608503
2016-12-18,1582065
2016-12-19,1824018
2016-12-20,1753992
2016-12-21,1722528
2016-12-22,1674281
2016-12-23,1575479
2016-12-24,1409317
2016-12-25,1225506
2016-12-26,1266749
2016-12-27,1519475
2016-12-28,1631436
2016-12-29,1636129
2016-12-30,1606577
2016-12-31,1470224
2017-01-01,1412325
2017-01-02,1551177
2017-01-03,1745797
2017-01-04,1814631
2017-01-05,1902997
2017-01-06,1866061
2017-01-07,1677338
2017-01-08,1593695
2017-01-09,1720755
2017-01-10,1761631
2017-01-11,1690998
2017-01-12,1846230
2017-01-13,1809517
2017-01-14,1689988
2017-01-15,1639472
2017-01-16,1863077
2017-01-17,1879064
2017-01-18,1887954
2017-01-19,1897871
2017-01-20,1864078
2017-01-21,1736569
2017-01-22,1724325
2017-01-23,1934532
2017-01-24,1864046
2017-01-25,1855568
2017-01-26,1944443
2017-01-27,1931726
2017-01-28,1676078
2017-01-29,1671542
2017-01-30,1845617
2017-01-31,1831908
2017-02-01,1780375
2017-02-02,1674015
2017-02-03,1670815
2017-02-04,1574042
2017-02-05,1636235
2017-02-06,1837579
2017-02-07,1813280
2017-02-08,1879370
2017-02-09,1926964
2017-02-10,1928456
2017-02-11,1730242
2017-02-12,1629814
2017-02-13,1720034
2017-02-14,1808417
2017-02-15,1784854
2017-02-16,1682721
2017-02-17,1713299
2017-02-18,1478948
2017-02-19,1449365
2017-02-20,1560624
2017-02-21,1613538
2017-02-22,1596688
2017-02-23,1642814
2017-02-24,1665100
2017-02-25,1471233
2017-02-26,1405823
2017-02-27,1713055
2017-02-28,1744107
2017-03-01,1748870
2017-03-02,1635261
2017-03-03,1744504
2017-03-04,1491127
2017-03-05,1488931
2017-03-06,1694364
2017-03-07,1692704
2017-03-08,1634378
2017-03-09,1560572
2017-03-10,1649060
2017-03-11,1461110
2017-03-12,1422034
2017-03-13,1544690
2017-03-14,1539010
2017-03-15,1547843
2017-03-16,1557747
2017-03-17,1520929
2017-03-18,1386199
2017-03-19,1296995
2017-03-20,1529345
2017-03-21,1530941
2017-03-22,1679418
2017-03-23,1609883
2017-03-24,1576848
2017-03-25,1346560
2017-03-26,1228746
2017-03-27,1561236
2017-03-28,1587428
2017-03-29,1568920
2017-03-30,1452367
2017-03-31,1397321
2017-04-01,1320744
2017-04-02,1272397
2017-04-03,1417669
2017-04-04,1492708
2017-04-05,1450743
2017-04-06,1459297
2017-04-07,1445247
2017-04-08,1236492
2017-04-09,1132977
2017-04-10,1377183
2017-04-11,1363218
2017-04-12,1374750
2017-04-13,1440693
2017-04-14,1317490
2017-04-15,1158060
2017-04-16,1213251
2017-04-17,1297170
2017-04-18,1418626
2017-04-19,1460743
2017-04-20,1481759
2017-04-21,1434497
2017-04-22,1265826
2017-04-23,1220670
2017-04-24,1432478
2017-04-25,1448865
2017-04-26,1524285
2017-04-27,1550766
2017-04-28,1519611
2017-04-29,1291867
2017-04-30,1155008
2017-05-01,1271064
2017-05-02,1443357
2017-05-03,1436488
2017-05-04,1372905
2017-05-05,1318368
2017-05-06,1274125
2017-05-07,1207789
2017-05-08,1399737
2017-05-09,1476372
2017-05-10,1398684
2017-05-11,1399532
2017-05-12,1437268
2017-05-13,1191136
2017-05-14,1123070
2017-05-15,1396546
2017-05-16,1385532
2017-05-17,1505577
2017-05-18,1423553
2017-05-19,1418071
2017-05-20,1219857
2017-05-21,1139254
2017-05-22,1318805
2017-05-23,1394863
2017-05-24,1367307
2017-05-25,1350967
2017-05-26,1263962
2017-05-27,1148042
2017-05-28,1097997
2017-05-29,1242449
2017-05-30,1315019
2017-05-31,1337099
2017-06-01,1282232
2017-06-02,1354839
2017-06-03,1122869
2017-06-04,1096495
2017-06-05,1331252
2017-06-06,1316412
2017-06-07,1247249
2017-06-08,1346177
2017-06-09,1283596
2017-06-10,1122942
2017-06-11,1020381
2017-06-12,1246503
2017-06-13,1354312
2017-06-14,1326531
2017-06-15,1257758
2017-06-16,1265627
2017-06-17,1123953
2017-06-18,1117848
2017-06-19,1368810
2017-06-20,1387871
2017-06-21,1390187
2017-06-22,1387269
2017-06-23,1259650
2017-06-24,1108877
2017-06-25,1085412
2017-06-26,1317730
2017-06-27,1391335
2017-06-28,1389856
2017-06-29,1380409
2017-06-30,1356061
2017-07-01,1116885
2017-07-02,1043887
2017-07-03,1300430
2017-07-04,1385672
2017-07-05,1356687
2017-07-06,1387151
2017-07-07,1358355
2017-07-08,1152207
2017-07-09,1140853
2017-07-10,1369795
2017-07-11,1432700
2017-07-12,1331349
2017-07-13,1324559
2017-07-14,1272039
2017-07-15,1158482
2017-07-16,1134018
2017-07-17,1276490
2017-07-18,1323043
2017-07-19,1384882
2017-07-20,1324378
2017-07-21,1282993
2017-07-22,1165833
2017-07-23,1143372
2017-07-24,1286176
2017-07-25,1331995
2017-07-26,1309964
2017-07-27,1265391
2017-07-28,1245749
2017-07-29,1137392
2017-07-30,1083559
2017-07-31,1241287
2017-08-01,1273623
2017-08-02,1322978
2017-08-03,1239968
2017-08-04,1207666
2017-08-05,1116816
2017-08-06,1075782
2017-08-07,1304170
2017-08-08,1363912
2017-08-09,1320791
2017-08-10,1286574
2017-08-11,1257780
2017-08-12,1144883
2017-08-13,1107610
2017-08-14,1314514
2017-08-15,1290426
2017-08-16,1281086
2017-08-17,1296909
2017-08-18,1227970
2017-08-19,1052553
2017-08-20,1139216
2017-08-21,1386111
2017-08-22,1392022
2017-08-23,1365924
2017-08-24,1334693
2017-08-25,1306201
2017-08-26,1168747
2017-08-27,1092920
2017-08-28,1106928
2017-08-29,1360244
2017-08-30,1389025
2017-08-31,1364973
2017-09-01,1314647
2017-09-02,1163814
2017-09-03,1159419
2017-09-04,1402683
2017-09-05,1413261
2017-09-06,1344416
2017-09-07,1380440
2017-09-08,1339783
2017-09-09,1203257
2017-09-10,1162810
2017-09-11,1281402
2017-09-12,1329633
2017-09-13,1323259
2017-09-14,1362510
2017-09-15,1392215
2017-09-16,1279544
2017-09-17,1257949
2017-09-18,1453708
2017-09-19,1455423
2017-09-20,1446581
2017-09-21,1453346
2017-09-22,1385094
2017-09-23,1236345
2017-09-24,1223545
2017-09-25,1489285
2017-09-26,1474085
2017-09-27,1431813
2017-09-28,1427052
2017-09-29,1406808
2017-09-30,1293774
2017-10-01,1222891
2017-10-02,1317350
2017-10-03,1384170
2017-10-04,1437094
2017-10-05,1367088
2017-10-06,1437350
2017-10-07,1271852
2017-10-08,1306356
2017-10-09,1500557
2017-10-10,1430920
2017-10-11,1411928
2017-10-12,1416222
2017-10-13,1377723
2017-10-14,1267505
2017-10-15,1215228
2017-10-16,1420847
2017-10-17,1424328
2017-10-18,1572789
2017-10-19,1548345
2017-10-20,1468544
2017-10-21,1237447
2017-10-22,1212531
2017-10-23,1531903
2017-10-24,1487257
2017-10-25,1436292
2017-10-26,1544501
2017-10-27,1462738
2017-10-28,1255211
2017-10-29,1332162
2017-10-30,1602466
2017-10-31,1577928
2017-11-01,1565618
2017-11-02,1647027
2017-11-03,1602459
2017-11-04,1411206
2017-11-05,1383673
2017-11-06,1631055
2017-11-07,1659008
2017-11-08,1679521
2017-11-09,1642149
2017-11-10,1539274
2017-11-11,1525511
2017-11-12,1402911
2017-11-13,1752690
2017-11-14,1739224
2017-11-15,1730915
2017-11-16,1631381
2017-11-17,1656296
2017-11-18,1508796
2017-11-19,1541748
2017-11-20,1689068
2017-11-21,1639266
2017-11-22,1586509
2017-11-23,1606114
2017-11-24,1707524
2017-11-25,1550646
2017-11-26,1527509
2017-11-27,1694267
2017-11-28,1758513
2017-11-29,1790698
2017-11-30,1802621
2017-12-01,1821782
2017-12-02,1670079
2017-12-03,1583976
2017-12-04,1769050
2017-12-05,1747410
2017-12-06,1663983
2017-12-07,1638493
2017-12-08,1736718
2017-12-09,1729286
2017-12-10,1743034
2017-12-11,1930463
2017-12-12,1955975
2017-12-13,1865077
2017-12-14,1857870
2017-12-15,1818915
2017-12-16,1740155
2017-12-17,1673788
2017-12-18,1850923
2017-12-19,1856123
2017-12-20,1785343
2017-12-21,1750808
2017-12-22,1635784
2017-12-23,1421036
2017-12-24,1332133
2017-12-25,1266655
2017-12-26,1338826
2017-12-27,1537454
2017-12-28,1611597
2017-12-29,1619252
2017-12-30,1463990
2017-12-31,1351016
2018-01-01,1395458
2018-01-02,1673444
2018-01-03,1655986
2018-01-04,1747879
2018-01-05,1774844
2018-01-06,1615620
2018-01-07,1602230
2018-01-08,1865447
2018-01-09,1881876
2018-01-10,1843121
2018-01-11,1868712
2018-01-12,1812973
2018-01-13,1615568
2018-01-14,1581018
2018-01-15,1702627
2018-01-16,1738363
2018-01-17,1768166
2018-01-18,1794042
2018-01-19,1780244
2018-01-20,1728232
2018-01-21,1676824
2018-01-22,1733157
2018-01-23,1658828
2018-01-24,1645633
2018-01-25,1722173
2018-01-26,1783047
2018-01-27,1514455
2018-01-28,1415478
2018-01-29,1638634
2018-01-30,1728024
2018-01-31,1672884
2018-02-01,1695772
2018-02-02,1748012
2018-02-03,1678627
2018-02-04,1614948
2018-02-05,1867247
2018-02-06,1892542
2018-02-07,1857116
2018-02-08,1810788
2018-02-09,1754212
2018-02-10,1606434
2018-02-11,1469413
2018-02-12,1736415
2018-02-13,1792031
2018-02-14,1803874
2018-02-15,1658723
2018-02-16,1689438
2018-02-17,1554753
2018-02-18,1573398
2018-02-19,1764943
2018-02-20,1661487
2018-02-21,1779742
2018-02-22,1787317
2018-02-23,1755247
2018-02-24,1536706
2018-02-25,1528213
2018-02-26,1858685
2018-02-27,1916687
2018-02-28,1893258
2018-03-01,1934267
2018-03-02,1905090
2018-03-03,1764218
2018-03-04,1693376
2018-03-05,1836138
2018-03-06,1799439
2018-03-07,1769638
2018-03-08,1737445
2018-03-09,1759473
2018-03-10,1513275
2018-03-11,1489074
2018-03-12,1737593
2018-03-13,1714823
2018-03-14,1597394
2018-03-15,1625904
2018-03-16,1571081
2018-03-17,1542187
2018-03-18,1629611
2018-03-19,1785205
2018-03-20,1813182
2018-03-21,1690478
2018-03-22,1656364
2018-03-23,1564940
2018-03-24,1545159
2018-03-25,1354978
2018-03-26,1603951
2018-03-27,1619580
2018-03-28,1690436
2018-03-29,1683871
2018-03-30,1527547
2018-03-31,1459225
2018-04-01,1440405
2018-04-02,1462913
2018-04-03,1554706
2018-04-04,1587802
2018-04-05,1509919
2018-04-06,1441738
2018-04-07,1424284
2018-04-08,1414132
2018-04-09,1608367
2018-04-10,1599780
2018-04-11,1612928
2018-04-12,1626259
2018-04-13,1639273
2018-04-14,1345980
2018-04-15,1320640
2018-04-16,1408515
2018-04-17,1385667
2018-04-18,1342399
2018-04-19,1371724
2018-04-20,1346051
2018-04-21,1206005
2018-04-22,1143226
2018-04-23,1296219
2018-04-24,1434920
2018-04-25,1352542
2018-04-26,1327287
2018-04-27,1536386
2018-04-28,1388352
2018-04-29,1339270
2018-04-30,1478253
2018-05-01,1410578
2018-05-02,1419440
2018-05-03,1419379
2018-05-04,1398817
2018-05-05,1149330
2018-05-06,1084507
2018-05-07,1147842
2018-05-08,1323911
2018-05-09,1333514
2018-05-10,1302888
2018-05-11,1280447
2018-05-12,1255233
2018-05-13,1163258
2018-05-14,1288327
2018-05-15,1314196
2018-05-16,1349039
2018-05-17,1320452
2018-05-18,1322683
2018-05-19,1125704
2018-05-20,1071217
2018-05-21,1310706
2018-05-22,1248692
2018-05-23,1287588
2018-05-24,1360947
2018-05-25,1355442
2018-05-26,1092655
2018-05-27,1067012
2018-05-28,1152560
2018-05-29,1312820
2018-05-30,1389017
2018-05-31,1388000
2018-06-01,1356262
2018-06-02,1195635
2018-06-03,1130337
2018-06-04,1360035
2018-06-05,1343411
2018-06-06,1304273
2018-06-07,1340999
2018-06-08,1343108
2018-06-09,1177299
2018-06-10,1126223
2018-06-11,1282104
2018-06-12,1348239
2018-06-13,1285856
2018-06-14,1193333
2018-06-15,1276211
2018-06-16,1146162
2018-06-17,1123437
2018-06-18,1236737
2018-06-19,1341591
2018-06-20,1298519
2018-06-21,1202406
2018-06-22,1220216
2018-06-23,1116121
2018-06-24,1081391
2018-06-25,1300025
2018-06-26,1329595
2018-06-27,1314599
2018-06-28,1314028
2018-06-29,1267179
2018-06-30,1096103
2018-07-01,1111688
2018-07-02,1279549
2018-07-03,1289018
2018-07-04,1342937
2018-07-05,1343921
2018-07-06,1319267
2018-07-07,1182235
2018-07-08,1135751
2018-07-09,1360127
2018-07-10,1342891
2018-07-11,1360339
2018-07-12,1372346
2018-07-13,1347546
2018-07-14,1156291
2018-07-15,1112068
2018-07-16,1358437
2018-07-17,1361220
2018-07-18,1376546
2018-07-19,1345570
2018-07-20,1334052
2018-07-21,1171634
2018-07-22,1122494
2018-07-23,1351886
2018-07-24,1362158
2018-07-25,1328935
2018-07-26,1354028
2018-07-27,1346191
2018-07-28,1017996
2018-07-29,1071331
2018-07-30,1281729
2018-07-31,1227911
2018-08-01,1238312
2018-08-02,1300845
2018-08-03,1338455
2018-08-04,1142507
2018-08-05,1097204
2018-08-06,1291121
2018-08-07,1342779
2018-08-08,1287543
2018-08-09,1319352
2018-08-10,1273269
2018-08-11,1137516
2018-08-12,1155516
2018-08-13,1326864
2018-08-14,1326643
2018-08-15,1279675
2018-08-16,1286270
2018-08-17,1231122
2018-08-18,1127573
2018-08-19,1133493
2018-08-20,1381694
2018-08-21,1355778
2018-08-22,1348617
2018-08-23,1322106
2018-08-24,1220921
2018-08-25,1107728
2018-08-26,1154197
2018-08-27,1142055
2018-08-28,1351881
2018-08-29,1354815
2018-08-30,1348373
2018-08-31,1279287
2018-09-01,1152595
2018-09-02,1112529
2018-09-03,1351867
2018-09-04,1394525
2018-09-05,1378968
2018-09-06,1395229
2018-09-07,1291198
2018-09-08,1218222
2018-09-09,1104230
2018-09-10,1296136
2018-09-11,1339714
2018-09-12,1370362
2018-09-13,1328625
2018-09-14,1318958
2018-09-15,1198110
2018-09-16,1121467
2018-09-17,1335476
2018-09-18,1284035
2018-09-19,1279032
2018-09-20,1382986
2018-09-21,1237856
2018-09-22,1295304
2018-09-23,1250820
2018-09-24,1392878
2018-09-25,1373820
2018-09-26,1347650
2018-09-27,1345495
2018-09-28,1370918
2018-09-29,1187090
2018-09-30,1210497
2018-10-01,1402664
2018-10-02,1374910
2018-10-03,1447380
2018-10-04,1423971
2018-10-05,1447798
2018-10-06,1324404
2018-10-07,1230309
2018-10-08,1393863
2018-10-09,1333184
2018-10-10,1386705
2018-10-11,1397973
2018-10-12,1344519
2018-10-13,1209568
2018-10-14,1307943
2018-10-15,1518366
2018-10-16,1487636
2018-10-17,1516899
2018-10-18,1496464
2018-10-19,1449779
2018-10-20,1278668
2018-10-21,1219649
2018-10-22,1400182
2018-10-23,1395092
2018-10-24,1422690
2018-10-25,1494668
2018-10-26,1437050
2018-10-27,1384842
2018-10-28,1456676
2018-10-29,1644753
2018-10-30,1699874
2018-10-31,1657166
2018-11-01,1654997
2018-11-02,1600573
2018-11-03,1326445
2018-11-04,1389217
2018-11-05,1601497
2018-11-06,1554010
2018-11-07,1543098
2018-11-08,1568264
2018-11-09,1523979
2018-11-10,1413607
2018-11-11,1394831
2018-11-12,1533814
2018-11-13,1533410
2018-11-14,1521859
2018-11-15,1584322
2018-11-16,1617874
2018-11-17,1410964
2018-11-18,1404634
2018-11-19,1649070
2018-11-20,1714889
2018-11-21,1768672
2018-11-22,1834361
2018-11-23,1789774
2018-11-24,1588551
2018-11-25,1545521
2018-11-26,1766120
2018-11-27,1765101
2018-11-28,1644640
2018-11-29,1589509
2018-11-30,1561471
2018-12-01,1530980
2018-12-02,1430523
2018-12-03,1638278
2018-12-04,1786413
2018-12-05,1787340
2018-12-06,1660646
2018-12-07,1535329
2018-12-08,1413341
2018-12-09,1454210
2018-12-10,1756626
2018-12-11,1777229
2018-12-12,1712283
2018-12-13,1731810
2018-12-14,1810597
2018-12-15,1618253
2018-12-16,1604684
2018-12-17,1747892
2018-12-18,1674825
2018-12-19,1712017
2018-12-20,1678115
2018-12-21,1614130
2018-12-22,1434117
2018-12-23,1497587
2018-12-24,1537929
2018-12-25,1392457
2018-12-26,1338061
2018-12-27,1509776
2018-12-28,1504888
2018-12-29,1360216
2018-12-30,1386424
2018-12-31,1387928
2019-01-01,1327420
2019-01-02,1681986
2019-01-03,1790227
2019-01-04,1793839
2019-01-05,1648905
2019-01-06,1571556
2019-01-07,1632522
2019-01-08,1655657
2019-01-09,1786666
2019-01-10,1836461
2019-01-11,1762441
2019-01-12,1464630
2019-01-13,1370309
2019-01-14,1696303
2019-01-15,1664456
2019-01-16,1680614
2019-01-17,1739304
2019-01-18,1821611
2019-01-19,1687026
2019-01-20,1649587
2019-01-21,1815389
2019-01-22,1838723
2019-01-23,1875039
2019-01-24,1893809
2019-01-25,1707615
2019-01-26,1486081
2019-01-27,1434553
2019-01-28,1750908
2019-01-29,1868122
2019-01-30,1876710
2019-01-31,1924096
2019-02-01,1867471
2019-02-02,1655163
2019-02-03,1613141
2019-02-04,1744841
2019-02-05,1813255
2019-02-06,1730256
2019-02-07,1681919
2019-02-08,1602385
2019-02-09,1421774
2019-02-10,1520564
2019-02-11,1724623
2019-02-12,1710341
2019-02-13,1633681
2019-02-14,1630244
2019-02-15,1579826
2019-02-16,1431067
2019-02-17,1319660
2019-02-18,1564280
2019-02-19,1607692
2019-02-20,1559504
2019-02-21,1549585
2019-02-22,1521712
2019-02-23,1361159
2019-02-24,1371601
2019-02-25,1548113
2019-02-26,1549166
2019-02-27,1550057
2019-02-28,1646271
2019-03-01,1625006
2019-03-02,1331442
2019-03-03,1337944
2019-03-04,1513922
2019-03-05,1586764
2019-03-06,1589479
2019-03-07,1544378
2019-03-08,1590480
2019-03-09,1329307
2019-03-10,1360383
2019-03-11,1506861
2019-03-12,1584894
2019-03-13,1514107
2019-03-14,1485361
2019-03-15,1459558
2019-03-16,1390312
2019-03-17,1307745
2019-03-18,1624240
2019-03-19,1604367
2019-03-20,1545357
2019-03-21,1547885
2019-03-22,1491979
2019-03-23,1366950
2019-03-24,1225028
2019-03-25,1446351
2019-03-26,1526039
2019-03-27,1549259
2019-03-28,1486211
2019-03-29,1422896
2019-03-30,1312938
2019-03-31,1232951
2019-04-01,1458660
2019-04-02,1586264
2019-04-03,1587600
2019-04-04,1587977
2019-04-05,1482782
2019-04-06,1370882
2019-04-07,1332485
2019-04-08,1472311
2019-04-09,1500881
2019-04-10,1467622
2019-04-11,1497845
2019-04-12,1504528
2019-04-13,1294866
2019-04-14,1299294
2019-04-15,1374782
2019-04-16,1494573
2019-04-17,1407357
2019-04-18,1336717
2019-04-19,1184468
2019-04-20,1129551
2019-04-21,1032242
2019-04-22,1097982
2019-04-23,1288657
2019-04-24,1351149
2019-04-25,1355491
2019-04-26,1315055
2019-04-27,1194049
2019-04-28,1240402
2019-04-29,1428191
2019-04-30,1408248
2019-05-01,1440539
2019-05-02,1411156
2019-05-03,1437430
2019-05-04,1160090
2019-05-05,1218387
2019-05-06,1292563
2019-05-07,1428268
2019-05-08,1440134
2019-05-09,1457018
2019-05-10,1437239
2019-05-11,1244013
2019-05-12,1163970
2019-05-13,1290800
2019-05-14,1285223
2019-05-15,1300987
2019-05-16,1279550
2019-05-17,1355758
2019-05-18,1235866
2019-05-19,1188875
2019-05-20,1323908
2019-05-21,1286564
2019-05-22,1284308
2019-05-23,1255830
2019-05-24,1248802
2019-05-25,1117949
2019-05-26,1029025
2019-05-27,1086006
2019-05-28,1280825
2019-05-29,1343695
2019-05-30,1231121
2019-05-31,1221638
2019-06-01,1103511
2019-06-02,1035627
2019-06-03,1174438
2019-06-04,1355344
2019-06-05,1296023
2019-06-06,1254597
2019-06-07,1310799
2019-06-08,1103442
2019-06-09,1092669
2019-06-10,1348954
2019-06-11,1320047
2019-06-12,1373861
2019-06-13,1395997
2019-06-14,1327177
2019-06-15,1154841
2019-06-16,1093335
2019-06-17,1231372
2019-06-18,1345031
2019-06-19,1352484
2019-06-20,1258734
2019-06-21,1237599
2019-06-22,1089400
2019-06-23,1107199
2019-06-24,1326755
2019-06-25,1361228
2019-06-26,1318758
2019-06-27,1227434
2019-06-28,1191073
2019-06-29,1122344
2019-06-30,1016923
2019-07-01,1182492
2019-07-02,1271505
2019-07-03,1284070
2019-07-04,1236541
2019-07-05,1229653
2019-07-06,1139327
2019-07-07,1097737
2019-07-08,1280405
2019-07-09,1339377
2019-07-10,1317089
2019-07-11,1313852
2019-07-12,1251010
2019-07-13,1145873
2019-07-14,1113626
2019-07-15,1284237
2019-07-16,1296668
2019-07-17,1304449
2019-07-18,1270443
2019-07-19,1305329
2019-07-20,1065332
2019-07-21,1047574
2019-07-22,1193111
2019-07-23,1289678
2019-07-24,1324051
2019-07-25,1341748
2019-07-26,1344165
2019-07-27,1185685
2019-07-28,1105584
2019-07-29,1239200
2019-07-30,1265189
2019-07-31,1239781
2019-08-01,1265379
2019-08-02,1248648
2019-08-03,1138929
2019-08-04,1110473
2019-08-05,1223945
2019-08-06,1233334
2019-08-07,1208166
2019-08-08,1260306
2019-08-09,1200883
2019-08-10,1036123
2019-08-11,1037936
2019-08-12,1253209
2019-08-13,1247115
2019-08-14,1347326
2019-08-15,1194425
2019-08-16,1242230
2019-08-17,999230
2019-08-18,975974
2019-08-19,1180825
2019-08-20,1252422
2019-08-21,1237545
2019-08-22,1222080
2019-08-23,1219201
2019-08-24,1097844
2019-08-25,1087643
2019-08-26,1155982
2019-08-27,1338724
2019-08-28,1337091
2019-08-29,1225571
2019-08-30,1168160
2019-08-31,1036346
2019-09-01,1025319
2019-09-02,1226511
2019-09-03,1268246
2019-09-04,1205709
2019-09-05,1222663
2019-09-06,1231147
2019-09-07,1149380
2019-09-08,1120653
2019-09-09,1392121
2019-09-10,1339464
2019-09-11,1271857
2019-09-12,1307082
2019-09-13,1260568
2019-09-14,1083039
2019-09-15,1117284
2019-09-16,1371455
2019-09-17,1307942
2019-09-18,1353452
2019-09-19,1341971
2019-09-20,1268468
2019-09-21,1081766
2019-09-22,1194215
2019-09-23,1321105
2019-09-24,1374735
2019-09-25,1396804
2019-09-26,1289793
2019-09-27,1288116
2019-09-28,1149876
2019-09-29,1177365
2019-09-30,1410084
2019-10-01,1397159
2019-10-02,1387965
2019-10-03,1483466
2019-10-04,1397806
2019-10-05,1288036
2019-10-06,1195644
2019-10-07,1418470
2019-10-08,1336813
2019-10-09,1365478
2019-10-10,1358991
2019-10-11,1362438
2019-10-12,1313875
2019-10-13,1325698
2019-10-14,1520143
2019-10-15,1499213
2019-10-16,1449498
2019-10-17,1474942
2019-10-18,1456315
2019-10-19,1309340
2019-10-20,1299979
2019-10-21,1531811
2019-10-22,1514447
2019-10-23,1520400
2019-10-24,1526361
2019-10-25,1512943
2019-10-26,1374024
2019-10-27,1340385
2019-10-28,1601104
2019-10-29,1596134
2019-10-30,1573419
2019-10-31,1607377
2019-11-01,1554822
2019-11-02,1379418
2019-11-03,1379715
2019-11-04,1573567
2019-11-05,1586896
2019-11-06,1674270
2019-11-07,1623826
2019-11-08,1641277
2019-11-09,1571136
2019-11-10,1478973
2019-11-11,1590387
2019-11-12,1633007
2019-11-13,1711058
2019-11-14,1698731
2019-11-15,1671888
2019-11-16,1557602
2019-11-17,1544405
2019-11-18,1710513
2019-11-19,1795806
2019-11-20,1713972
2019-11-21,1740171
2019-11-22,1691820
2019-11-23,1514799
2019-11-24,1516050
2019-11-25,1665647
2019-11-26,1649280
2019-11-27,1669806
2019-11-28,1649192
2019-11-29,1708683
2019-11-30,1620665
2019-12-01,1588257
2019-12-02,1782485
2019-12-03,1749127
2019-12-04,1743089
2019-12-05,1687929
2019-12-06,1578355
2019-12-07,1432582
2019-12-08,1330185
2019-12-09,1623103
2019-12-10,1655624
2019-12-11,1696530
2019-12-12,1763442
2019-12-13,1665004
2019-12-14,1471286
2019-12-15,1485392
2019-12-16,1714954
2019-12-17,1783269
2019-12-18,1731414
2019-12-19,1624573
2019-12-20,1627690
2019-12-21,1495915
2019-12-22,1451824
2019-12-23,1493397
2019-12-24,1453439
2019-12-25,1326155
2019-12-26,1321001
2019-12-27,1461507
2019-12-28,1378385
2019-12-29,1328391
2019-12-30,1447454
2019-12-31,1490245
2020-01-01,1390388
2020-01-02,1483443
2020-01-03,1531591
2020-01-04,1427871
2020-01-05,1410725
2020-01-06,1571919
2020-01-07,1568065
2020-01-08,1614032
2020-01-09,1633934
2020-01-10,1617280
2020-01-11,1375504
2020-01-12,1406510
2020-01-13,1583027
2020-01-14,1599543
2020-01-15,1577975
2020-01-16,1590213
2020-01-17,1630782
2020-01-18,1515903
2020-01-19,1550083
2020-01-20,1727755
2020-01-21,1757229
2020-01-22,1753593
2020-01-23,1744266
2020-01-24,1718076
2020-01-25,1535672
2020-01-26,1454978
2020-01-27,1651327
2020-01-28,1657404
2020-01-29,1617583
2020-01-30,1600526
2020-01-31,1517527
2020-02-01,1312961
2020-02-02,1394776
2020-02-03,1510493
2020-02-04,1608441
2020-02-05,1707899
2020-02-06,1708270
2020-02-07,1598796
2020-02-08,1334812
2020-02-09,1375615
2020-02-10,1560221
2020-02-11,1588289
2020-02-12,1628150
2020-02-13,1673585
2020-02-14,1612611
2020-02-15,1407899
2020-02-16,1334321
2020-02-17,1514955
2020-02-18,1566165
2020-02-19,1629632
2020-02-20,1565497
2020-02-21,1536360
2020-02-22,1330556
2020-02-23,1367252
2020-02-24,1598114
2020-02-25,1622183
2020-02-26,1642050
2020-02-27,1650392
2020-02-28,1681907
2020-02-29,1355883
2020-03-01,1329023
2020-03-02,1602701
2020-03-03,1645143
2020-03-04,1727560
2020-03-05,1747864
2020-03-06,1639998
2020-03-07,1392429
2020-03-08,1278860
2020-03-09,1537016
2020-03-10,1478948
2020-03-11,1449410
2020-03-12,1444605
2020-03-13,1561614
2020-03-14,1370005
2020-03-15,1324691
2020-03-16,1479754
2020-03-17,1469174
2020-03-18,1553242
2020-03-19,1597937
2020-03-20,1487293
2020-03-21,1254173
2020-03-22,1251481
2020-03-23,1381277
2020-03-24,1289815
2020-03-25,1290051
2020-03-26,1293784
2020-03-27,1239050
2020-03-28,1137162
2020-03-29,1105870
2020-03-30,1347461
2020-03-31,1372834
2020-04-01,1371105
2020-04-02,1222426
2020-04-03,1270702
2020-04-04,1118210
2020-04-05,987135
2020-04-06,1095351
2020-04-07,1154267
2020-04-08,1159681
2020-04-09,1125235
2020-04-10,1050770
2020-04-11,991506
2020-04-12,997651
2020-04-13,981134
2020-04-14,1132510
2020-04-15,1107425
2020-04-16,1101472
2020-04-17,1101128
2020-04-18,1126671
2020-04-19,992247
2020-04-20,1003970
2020-04-21,999751
2020-04-22,1037058
2020-04-23,1092864
2020-04-24,1079062
2020-04-25,1023312
2020-04-26,1012697
2020-04-27,1152126
2020-04-28,1271792
2020-04-29,1214888
2020-04-30,1185571
2020-05-01,1141321
2020-05-02,1040145
2020-05-03,1121352
2020-05-04,1114352
2020-05-05,1086042
2020-05-06,1092530
2020-05-07,1090722
2020-05-08,1015632
2020-05-09,959857
2020-05-10,965128
2020-05-11,1070541
2020-05-12,1151267
2020-05-13,1159838
2020-05-14,1135011
2020-05-15,1103114
2020-05-16,1009489
2020-05-17,970931
2020-05-18,1045394
2020-05-19,1098927
2020-05-20,1077731
2020-05-21,1079735
2020-05-22,913771
2020-05-23,866627
2020-05-24,898407
2020-05-25,937778
2020-05-26,1067918
2020-05-27,1083532
2020-05-28,1049793
2020-05-29,1005565
2020-05-30,904679
2020-05-31,899868
2020-06-01,1066643
2020-06-02,1084235
2020-06-03,1139236
2020-06-04,1151834
2020-06-05,1033632
2020-06-06,967998
2020-06-07,1029265
2020-06-08,1164046
2020-06-09,1183084
2020-06-10,1237255
2020-06-11,1121450
2020-06-12,1119589
2020-06-13,1009727
2020-06-14,1012038
2020-06-15,1140402
2020-06-16,1177238
2020-06-17,1190396
2020-06-18,1225949
2020-06-19,1134455
2020-06-20,974408
2020-06-21,918619
2020-06-22,1034321
2020-06-23,1077843
2020-06-24,1125895
2020-06-25,1138231
2020-06-26,1162297
2020-06-27,985525
2020-06-28,842889
2020-06-29,1031292
2020-06-30,1172184
2020-07-01,1190534
2020-07-02,1195680
2020-07-03,1092622
2020-07-04,1037722
2020-07-05,893935
2020-07-06,1070085
2020-07-07,1217452
2020-07-08,1258957
2020-07-09,1254392
2020-07-10,1146890
2020-07-11,1009682
2020-07-12,977484
2020-07-13,1158762
2020-07-14,1199373
2020-07-15,1234200
2020-07-16,1194159
2020-07-17,1157134
2020-07-18,1051554
2020-07-19,997294
2020-07-20,1118729
2020-07-21,1164772
2020-07-22,1166119
2020-07-23,1171830
2020-07-24,1163941
2020-07-25,1049579
2020-07-26,969145
2020-07-27,1134934
2020-07-28,1044946
2020-07-29,1129302
2020-07-30,1156966
2020-07-31,1136669
2020-08-01,1063656
2020-08-02,1005589
2020-08-03,1152188
2020-08-04,1142978
2020-08-05,1144879
2020-08-06,1260488
2020-08-07,1218650
2020-08-08,1082216
2020-08-09,1045621
2020-08-10,1241585
2020-08-11,1290255
2020-08-12,1302048
2020-08-13,1288351
2020-08-14,1266751
2020-08-15,1157983
2020-08-16,1139196
2020-08-17,1259957
2020-08-18,1243771
2020-08-19,1285037
2020-08-20,1113891
2020-08-21,1080225
2020-08-22,973042
2020-08-23,1059413
2020-08-24,1218917
2020-08-25,1174723
2020-08-26,1196005
2020-08-27,1313487
2020-08-28,1186996
2020-08-29,1042628
2020-08-30,1071197
2020-08-31,1130430
2020-09-01,1228349
2020-09-02,1223594
2020-09-03,1221443
2020-09-04,1197444
2020-09-05,1061364
2020-09-06,1125022
2020-09-07,1246862
2020-09-08,1255777
2020-09-09,1231407
2020-09-10,1278217
2020-09-11,1208735
2020-09-12,1046545
2020-09-13,1004421
2020-09-14,1243655
2020-09-15,1316004
2020-09-16,1279283
2020-09-17,1250482
2020-09-18,1201759
2020-09-19,1078663
2020-09-20,1113508
2020-09-21,1282935
2020-09-22,1284480
2020-09-23,1361641
2020-09-24,1325532
2020-09-25,1211126
2020-09-26,1139850
2020-09-27,1191522
2020-09-28,1400331
2020-09-29,1377264
2020-09-30,1371357
2020-10-01,1388880
2020-10-02,1379804
2020-10-03,1292876
2020-10-04,1269996
2020-10-05,1407092
2020-10-06,1375516
2020-10-07,1349112
2020-10-08,1408918
2020-10-09,1359431
2020-10-10,1262003
2020-10-11,1257730
2020-10-12,1496377
2020-10-13,1449069
2020-10-14,1426431
2020-10-15,1467376
2020-10-16,1483049
2020-10-17,1356730
2020-10-18,1353083
2020-10-19,1402239
2020-10-20,1392229
2020-10-21,1483529
2020-10-22,1420717
2020-10-23,1426418
2020-10-24,1269874
2020-10-25,1262185
2020-10-26,1401264
2020-10-27,1480107
2020-10-28,1433658
2020-10-29,1465464
2020-10-30,1416643
2020-10-31,1210595
2020-11-01,1197546
2020-11-02,1352051
2020-11-03,1515304
2020-11-04,1565356
2020-11-05,1561389
2020-11-06,1519293
2020-11-07,1398706
2020-11-08,1386066
2020-11-09,1504179
2020-11-10,1484366
2020-11-11,1402890
2020-11-12,1385939
2020-11-13,1383545
2020-11-14,1285205
2020-11-15,1240918
2020-11-16,1408992
2020-11-17,1390969
2020-11-18,1371237
2020-11-19,1501201
2020-11-20,1521353
2020-11-21,1284153
2020-11-22,1341070
2020-11-23,1514673
2020-11-24,1464882
2020-11-25,1590326
2020-11-26,1618043
2020-11-27,1630498
2020-11-28,1483401
2020-11-29,1482809
2020-11-30,1551184
2020-12-01,1645328
2020-12-02,1669608
2020-12-03,1725332
2020-12-04,1651037
2020-12-05,1543414
2020-12-06,1582811
2020-12-07,1753604
2020-12-08,1748438
2020-12-09,1746941
2020-12-10,1692678
2020-12-11,1647078
2020-12-12,1517099
2020-12-13,1465333
2020-12-14,1538163
2020-12-15,1604375
2020-12-16,1583277
2020-12-17,1562960
2020-12-18,1463251
2020-12-19,1308314
2020-12-20,1346667
2020-12-21,1543928
2020-12-22,1574542
2020-12-23,1501446
2020-12-24,1412418
2020-12-25,1386317
2020-12-26,1214724
2020-12-27,1305266
2020-12-28,1503702
2020-12-29,1549010
2020-12-30,1587679
2020-12-31,1587810
2021-01-01,1467769
2021-01-02,1503966
2021-01-03,1505674
2021-01-04,1684085
2021-01-05,1725007
2021-01-06,1785909
2021-01-07,1800929
2021-01-08,1781669
2021-01-09,1638033
2021-01-10,1581067
2021-01-11,1602838
2021-01-12,1679252
2021-01-13,1731726
2021-01-14,1712135
2021-01-15,1741986
2021-01-16,1469095
2021-01-17,1444543
2021-01-18,1619885
2021-01-19,1583631
2021-01-20,1574613
2021-01-21,1567373
2021-01-22,1602975
2021-01-23,1567332
2021-01-24,1608065
2021-01-25,1685359
2021-01-26,1772001
2021-01-27,1691165
2021-01-28,1584642
2021-01-29,1535686
2021-01-30,1451766
2021-01-31,1560714
2021-02-01,1722114
2021-02-02,1614844
2021-02-03,1606109
2021-02-04,1636378
2021-02-05,1569739
2021-02-06,1446141
2021-02-07,1458306
2021-02-08,1715810
2021-02-09,1775852
2021-02-10,1781655
2021-02-11,1793822
2021-02-12,1705370
2021-02-13,1568729
2021-02-14,1520410
2021-02-15,1592907
2021-02-16,1514903
2021-02-17,1488665
2021-02-18,1433311
2021-02-19,1439427
2021-02-20,1253186
2021-02-21,1339713
2021-02-22,1522148
2021-02-23,1354616
2021-02-24,1351892
2021-02-25,1437329
2021-02-26,1466192
2021-02-27,1338504
2021-02-28,1344359
2021-03-01,1557510
2021-03-02,1595765
2021-03-03,1650706
2021-03-04,1624006
2021-03-05,1612439
2021-03-06,1474912
2021-03-07,1433078
2021-03-08,1569848
2021-03-09,1488688
2021-03-10,1471382
2021-03-11,1363982
2021-03-12,1362126
2021-03-13,1274229
2021-03-14,1283433
2021-03-15,1489083
2021-03-16,1457081
2021-03-17,1501685
2021-03-18,1516358
2021-03-19,1465838
2021-03-20,1358530
2021-03-21,1330850
2021-03-22,1453075
2021-03-23,1416644
2021-03-24,1402459
2021-03-25,1350389
2021-03-26,1308166
2021-03-27,1195566
2021-03-28,1116805
2021-03-29,1216124
2021-03-30,1280655
2021-03-31,1293463
2021-04-01,1291261
2021-04-02,1230604
2021-04-03,1228290
2021-04-04,1072762
2021-04-05,1114371
2021-04-06,1368425
2021-04-07,1511490
2021-04-08,1352874
2021-04-09,1414602
2021-04-10,1331087
2021-04-11,1299137
2021-04-12,1471188
2021-04-13,1478436
2021-04-14,1449972
2021-04-15,1437561
2021-04-16,1411496
2021-04-17,1233963
2021-04-18,1214846
2021-04-19,1332282
2021-04-20,1356204
2021-04-21,1346699
2021-04-22,1322552
2021-04-23,1263311
2021-04-24,1118856
2021-04-25,1122933
2021-04-26,1309284
2021-04-27,1386901
2021-04-28,1390263
2021-04-29,1422338
2021-04-30,1380797
2021-05-01,1248296
2021-05-02,1191658
2021-05-03,1253329
2021-05-04,1300116
2021-05-05,1382563
2021-05-06,1401779
2021-05-07,1349158
2021-05-08,1238269
2021-05-09,1134540
2021-05-10,1242713
2021-05-11,1294745
2021-05-12,1335840
2021-05-13,1363916
2021-05-14,1366528
2021-05-15,1231877
2021-05-16,1199530
2021-05-17,1337622
2021-05-18,1323582
2021-05-19,1306086
2021-05-20,1332645
2021-05-21,1285260
2021-05-22,1222462
2021-05-23,1169786
2021-05-24,1323618
2021-05-25,1348796
2021-05-26,1351576
2021-05-27,1300276
2021-05-28,1286440
2021-05-29,1118973
2021-05-30,1021189
2021-05-31,1047590
2021-06-01,1157542
2021-06-02,1196399
2021-06-03,1241084
2021-06-04,1217558
2021-06-05,1070077
2021-06-06,1097051
2021-06-07,1232678
2021-06-08,1208445
2021-06-09,1215074
2021-06-10,1251086
2021-06-11,1188696
2021-06-12,1038304
2021-06-13,1023052
2021-06-14,1188520
2021-06-15,1198086
2021-06-16,1241845
2021-06-17,1311882
2021-06-18,1290978
2021-06-19,1155902
2021-06-20,1147363
2021-06-21,1279643
2021-06-22,1250963
2021-06-23,1226500
2021-06-24,1280308
2021-06-25,1211092
2021-06-26,1086543
2021-06-27,1122860
2021-06-28,1295766
2021-06-29,1295253
2021-06-30,1269323
2021-07-01,1258641
2021-07-02,1238429
2021-07-03,1157729
2021-07-04,1115701
2021-07-05,1234875
2021-07-06,1237895
2021-07-07,1257252
2021-07-08,1266410
2021-07-09,1264349
2021-07-10,1157538
2021-07-11,1116641
2021-07-12,1271396
2021-07-13,1255161
2021-07-14,1229093
2021-07-15,1239168
2021-07-16,1187785
2021-07-17,1069920
2021-07-18,1067613
2021-07-19,1267263
2021-07-20,1290439
2021-07-21,1290715
2021-07-22,1273731
2021-07-23,1224703
2021-07-24,1107120
2021-07-25,1099404
2021-07-26,1219759
2021-07-27,1263825
2021-07-28,1187032
2021-07-29,1128799
2021-07-30,1212622
2021-07-31,1096220
2021-08-01,1090114
2021-08-02,1216539
2021-08-03,1213532
2021-08-04,1188825
2021-08-05,1193501
2021-08-06,1133140
2021-08-07,1057368
2021-08-08,1022634
2021-08-09,1196818
2021-08-10,1213512
2021-08-11,1213392
2021-08-12,1198920
2021-08-13,1134597
2021-08-14,1078021
2021-08-15,1081867
2021-08-16,1196845
2021-08-17,1252337
2021-08-18,1247920
2021-08-19,1298733
2021-08-20,1288902
2021-08-21,1193570
2021-08-22,1137753
2021-08-23,1269350
2021-08-24,1268677
2021-08-25,1283631
2021-08-26,1248542
2021-08-27,1254859
2021-08-28,1113867
2021-08-29,1080464
2021-08-30,1156869
2021-08-31,1272393
2021-09-01,1301701
2021-09-02,1307589
2021-09-03,1289408
2021-09-04,1161815
2021-09-05,1118823
2021-09-06,1294245
2021-09-07,1287826
2021-09-08,1302053
2021-09-09,1336430
2021-09-10,1327773
2021-09-11,1132834
2021-09-12,1158281
2021-09-13,1311085
2021-09-14,1357829
2021-09-15,1315719
2021-09-16,1300764
2021-09-17,1253222
2021-09-18,1161434
2021-09-19,1151983
2021-09-20,1264730
2021-09-21,1269711
2021-09-22,1216107
2021-09-23,1223691
2021-09-24,1215489
2021-09-25,1208855
2021-09-26,1098963
2021-09-27,1192176
2021-09-28,1304597
2021-09-29,1257393
2021-09-30,1323654
2021-10-01,1212008
2021-10-02,1232215
2021-10-03,1117625
2021-10-04,1336461
2021-10-05,1325174
2021-10-06,1340399
2021-10-07,1352438
2021-10-08,1364599
2021-10-09,1221394
2021-10-10,1170631
2021-10-11,1332571
2021-10-12,1406317
2021-10-13,1402475
2021-10-14,1349173
2021-10-15,1388912
2021-10-16,1296097
2021-10-17,1236764
2021-10-18,1416327
2021-10-19,1364268
2021-10-20,1335449
2021-10-21,1326135
2021-10-22,1397056
2021-10-23,1276123
2021-10-24,1171597
2021-10-25,1353676
2021-10-26,1363763
2021-10-27,1312393
2021-10-28,1349205
2021-10-29,1352839
2021-10-30,1244104
2021-10-31,1255336
2021-11-01,1402563
2021-11-02,1513451
2021-11-03,1533531
2021-11-04,1546825
2021-11-05,1558959
2021-11-06,1276310
2021-11-07,1239973
2021-11-08,1533612
2021-11-09,1468439
2021-11-10,1543283
2021-11-11,1514727
2021-11-12,1389696
2021-11-13,1359180
2021-11-14,1377981
2021-11-15,1543440
2021-11-16,1542200
2021-11-17,1492018
2021-11-18,1457850
2021-11-19,1466315
2021-11-20,1342432
2021-11-21,1336615
2021-11-22,1615501
2021-11-23,1675704
2021-11-24,1657621
2021-11-25,1600787
2021-11-26,1528503
2021-11-27,1469905
2021-11-28,1562959
2021-11-29,1749284
2021-11-30,1599218
2021-12-01,1562892
2021-12-02,1684801
2021-12-03,1680854
2021-12-04,1444164
2021-12-05,1488048
2021-12-06,1699919
2021-12-07,1701127
2021-12-08,1662698
2021-12-09,1701974
2021-12-10,1626398
2021-12-11,1550924
2021-12-12,1394373
2021-12-13,1592841
2021-12-14,1579896
2021-12-15,1559795
2021-12-16,1623988
2021-12-17,1627518
2021-12-18,1517595
2021-12-19,1537617
2021-12-20,1681778
2021-12-21,1698103
2021-12-22,1705661
2021-12-23,1606555
2021-12-24,1460782
2021-12-25,1245547
2021-12-26,1304818
2021-12-27,1410039
2021-12-28,1390954
2021-12-29,1359718
2021-12-30,1293319
2021-12-31,1247947
2022-01-01,1100183
2022-01-02,1185658
2022-01-03,1289944
2022-01-04,1540810
2022-01-05,1644966
2022-01-06,1692797
2022-01-07,1655324
2022-01-08,1497977
2022-01-09,1492125
2022-01-10,1702068
2022-01-11,1677360
2022-01-12,1650346
2022-01-13,1676879
2022-01-14,1689854
2022-01-15,1581204
2022-01-16,1488067
2022-01-17,1670894
2022-01-18,1717694
2022-01-19,1614265
2022-01-20,1715375
2022-01-21,1735020
2022-01-22,1553163
2022-01-23,1544660
2022-01-24,1727658
2022-01-25,1767982
2022-01-26,1643223
2022-01-27,1584304
2022-01-28,1611724
2022-01-29,1344186
2022-01-30,1406025
2022-01-31,1549014
2022-02-01,1472723
2022-02-02,1556769
2022-02-03,1512783
2022-02-04,1504510
2022-02-05,1363581
2022-02-06,1319913
2022-02-07,1578799
2022-02-08,1506404
2022-02-09,1519144
2022-02-10,1549567
2022-02-11,1606032
2022-02-12,1344395
2022-02-13,1392017
2022-02-14,1553319
2022-02-15,1586689
2022-02-16,1444638
2022-02-17,1443116
2022-02-18,1465509
2022-02-19,1412160
2022-02-20,1297085
2022-02-21,1496225
2022-02-22,1465944
2022-02-23,1474915
2022-02-24,1492882
2022-02-25,1484904
2022-02-26,1270355
2022-02-27,1241090
2022-02-28,1532037
2022-03-01,1585796
2022-03-02,1598278
2022-03-03,1591690
2022-03-04,1566934
2022-03-05,1385060
2022-03-06,1405141
2022-03-07,1544165
2022-03-08,1463503
2022-03-09,1431625
2022-03-10,1430190
2022-03-11,1408190
2022-03-12,1232459
2022-03-13,1241372
2022-03-14,1439090
2022-03-15,1460768
2022-03-16,1558440
2022-03-17,1419340
2022-03-18,1389119
2022-03-19,1137701
2022-03-20,1211008
2022-03-21,1462596
2022-03-22,1367993
2022-03-23,1368659
2022-03-24,1363793
2022-03-25,1318525
2022-03-26,1163920
2022-03-27,1141817
2022-03-28,1388499
2022-03-29,1467635
2022-03-30,1493667
2022-03-31,1448366
2022-04-01,1458247
2022-04-02,1352370
2022-04-03,1273015
2022-04-04,1367177
2022-04-05,1332279
2022-04-06,1294420
2022-04-07,1318934
2022-04-08,1379514
2022-04-09,1217680
2022-04-10,1207516
2022-04-11,1263856
2022-04-12,1383324
2022-04-13,1335614
2022-04-14,1324011
2022-04-15,1129617
2022-04-16,1034626
2022-04-17,992952
2022-04-18,1082125
2022-04-19,1271889
2022-04-20,1225687
2022-04-21,1176981
2022-04-22,1165507
2022-04-23,1037636
2022-04-24,1014752
2022-04-25,1289360
2022-04-26,1289803
2022-04-27,1369062
2022-04-28,1385316
2022-04-29,1311597
2022-04-30,1114748
2022-05-01,1170348
2022-05-02,1198967
2022-05-03,1336473
2022-05-04,1298519
2022-05-05,1257896
2022-05-06,1212035
2022-05-07,1077883
2022-05-08,1018671
2022-05-09,1142086
2022-05-10,1128077
2022-05-11,1203077
2022-05-12,1167199
2022-05-13,1074843
2022-05-14,1011020
2022-05-15,1057719
2022-05-16,1220850
2022-05-17,1186845
2022-05-18,1152270
2022-05-19,1170256
2022-05-20,1189033
2022-05-21,1011748
2022-05-22,993086
2022-05-23,1209407
2022-05-24,1175645
2022-05-25,1164425
2022-05-26,1155979
2022-05-27,1042434
2022-05-28,1020375
2022-05-29,1016950
2022-05-30,1209143
2022-05-31,1209585
2022-06-01,1185220
2022-06-02,1035970
2022-06-03,1008968
2022-06-04,973553
2022-06-05,1093945
2022-06-06,1258847
2022-06-07,1221147
2022-06-08,1163935
2022-06-09,1192881
2022-06-10,1059086
2022-06-11,888704
2022-06-12,900505
2022-06-13,1140579
2022-06-14,1159625
2022-06-15,1180203
2022-06-16,1200612
2022-06-17,1114084
2022-06-18,1069545
2022-06-19,985764
2022-06-20,1116693
2022-06-21,1127992
2022-06-22,1152793
2022-06-23,1190766
2022-06-24,1158252
2022-06-25,914721
2022-06-26,878077
2022-06-27,1101133
2022-06-28,1091118
2022-06-29,1170563
2022-06-30,1174121
2022-07-01,1123583
2022-07-02,996786
2022-07-03,991037
2022-07-04,1100488
2022-07-05,1142711
2022-07-06,1127687
2022-07-07,1153741
2022-07-08,1113974
2022-07-09,993774
2022-07-10,985983
2022-07-11,1162763
2022-07-12,1236717
2022-07-13,1176211
2022-07-14,1166475
2022-07-15,1143366
2022-07-16,1023467
2022-07-17,1004520
2022-07-18,1205970
2022-07-19,1270379
2022-07-20,1269455
2022-07-21,1251431
2022-07-22,1202730
2022-07-23,1022752
2022-07-24,951473
2022-07-25,1137831
2022-07-26,1171279
2022-07-27,1173765
2022-07-28,1182211
2022-07-29,1112347
2022-07-30,1020869
2022-07-31,1028596
2022-08-01,1124503
2022-08-02,1132942
2022-08-03,1130630
2022-08-04,1114349
2022-08-05,1074575
2022-08-06,947530
2022-08-07,930414
2022-08-08,1134867
2022-08-09,1165145
2022-08-10,1172631
2022-08-11,1181033
2022-08-12,1188603
2022-08-13,1056579
2022-08-14,1061051
2022-08-15,1251620
2022-08-16,1243290
2022-08-17,1205772
2022-08-18,1191663
2022-08-19,1105925
2022-08-20,945454
2022-08-21,998202
2022-08-22,1214742
2022-08-23,1211974
2022-08-24,1218131
2022-08-25,1224201
2022-08-26,1131199
2022-08-27,1019261
2022-08-28,997903
2022-08-29,1035471
2022-08-30,1151590
2022-08-31,1158102
2022-09-01,1166196
2022-09-02,1181555
2022-09-03,1044056
2022-09-04,1024120
2022-09-05,1180218
2022-09-06,1218640
2022-09-07,1193998
2022-09-08,1229407
2022-09-09,1172965
2022-09-10,1076720
2022-09-11,1048400
2022-09-12,1193592
2022-09-13,1231094
2022-09-14,1191242
2022-09-15,1217000
2022-09-16,1129059
2022-09-17,1023323
2022-09-18,1045255
2022-09-19,1091133
2022-09-20,1221049
2022-09-21,1212815
2022-09-22,1194369
2022-09-23,1182827
2022-09-24,1064608
2022-09-25,1025507
2022-09-26,1166550
2022-09-27,1240059
2022-09-28,1247557
2022-09-29,1258548
2022-09-30,1236309
2022-10-01,994883
2022-10-02,1076228
2022-10-03,1226100
2022-10-04,1208870
2022-10-05,1178714
2022-10-06,1132497
2022-10-07,1147061
2022-10-08,1073817
2022-10-09,1035464
2022-10-10,1207472
2022-10-11,1301587
2022-10-12,1311110
2022-10-13,1307442
2022-10-14,1287388
2022-10-15,1061620
2022-10-16,1050821
2022-10-17,1176464
2022-10-18,1272661
2022-10-19,1235924
2022-10-20,1336407
2022-10-21,1276424
2022-10-22,1119374
2022-10-23,1149500
2022-10-24,1245342
2022-10-25,1260265
2022-10-26,1170740
2022-10-27,1277978
2022-10-28,1171744
2022-10-29,1129330
2022-10-30,1128640
2022-10-31,1247943
2022-11-01,1281348
2022-11-02,1260186
2022-11-03,1375536
2022-11-04,1324679
2022-11-05,1254686
2022-11-06,1208460
2022-11-07,1308717
2022-11-08,1281145
2022-11-09,1305052
2022-11-10,1266230
2022-11-11,1255568
2022-11-12,1205425
2022-11-13,1181942
2022-11-14,1385194
2022-11-15,1387642
2022-11-16,1414083
2022-11-17,1381621
2022-11-18,1359306
2022-11-19,1301681
2022-11-20,1278283
2022-11-21,1497174
2022-11-22,1493163
2022-11-23,1427646
2022-11-24,1411280
2022-11-25,1378129
2022-11-26,1239465
2022-11-27,1272990
2022-11-28,1487651
2022-11-29,1537315
2022-11-30,1538990
2022-12-01,1561053
2022-12-02,1574103
2022-12-03,1403629
2022-12-04,1395495
2022-12-05,1576926
2022-12-06,1592101
2022-12-07,1649006
2022-12-08,1696091
2022-12-09,1687241
2022-12-10,1589754
2022-12-11,1596641
2022-12-12,1783608
2022-12-13,1792611
2022-12-14,1756582
2022-12-15,1804185
2022-12-16,1756353
2022-12-17,1590316
2022-12-18,1535103
2022-12-19,1481967
2022-12-20,1448513
2022-12-21,1458869
2022-12-22,1526346
2022-12-23,1400239
2022-12-24,1220672
2022-12-25,1108621
2022-12-26,1112177
2022-12-27,1252557
2022-12-28,1265465
2022-12-29,1238633
2022-12-30,1235763
2022-12-31,1240955
